vid,target
cndwH6byJnk,9
cKr7-euUE1E,7
cDpIC-MaY4Y,6
csJSEJmKjYc,8
cTYg1mAd8tA,4
c3PFKqZXmkU,4
c42Yr9yXzdk,7
cX9qqFGrDX4,7
cAUErg7-dGg,7
c_oRpnnMVIs,6
cRO0BuhzDsw,8
ckBbj-E0SdA,6
cFanGXSGDWA,OTHER
c2HOlow4F0Y,5
cGmrG1JAYaQ,7
ceGwAb1HiAY,5
cw9WIp0np44,7
cLgarIGTAe0,8
cICwHv2Pn-g,4
cS0bI-chYN8,7
cVCZGlcW3lA,7
cn00K4FqQRE,4
cYpnHONNf1k,7
cEkJziOSNzs,6
cmYXxJs0uCk,2
cUXCNgJSmzU,8
cvq7DPhsBi4,7
cRekLSSWhtg,9
c1LHWTKqFcI,8
cmfv7f-0Mbk,5
cY27XD0ZRho,7
ci62GfOm-t8,3
cNoSHuF5mac,7
cOlx2JNEe0I,7
cJ5TedT9ZNA,6
c5j8_b8aFnw,3
czrckuVdzUk,8
cTUxGqQBPFM,8
c5kn_TB90gA,OTHER
cCfGhfKa7cI,8
cSg87drcKlw,8
cPIJXJZH1zk,7
cxwUIsWlbQ0,7
c_A7jwZypEQ,6
c4ehpj0Yk9E,8
vBHEEDUkme8,8
vruPJVIfa2s,7
v7F2qoZkNIo,5
vhlH7LmWlgE,5
vii2ZzwUhzI,6
vekiCfWRstU,8
vph5xGBPCOE,6
vMxNmFZ2ijY,4
vv9_gySpshg,7
vDzb4npeozE,4
v_7WlMvv50I,5
vOrHGz2U-zA,6
vdIL2Slt9yM,8
vdmzHJ8QsJs,8
vwsM7UihYoY,9
vqcaYZSjJE0,3
vlls8lQNgi4,4
vELbNWkvVk0,4
vac3FDyjb5M,6
vqmCLg0zoyo,8
vtDvu9PVcJc,8
vQAKOLE_JR4,5
vNw9TGSY1EM,3
vu_Busuilos,6
vmOjFuDulwY,6
vB_y--drYjM,7
vhhhIykGjRU,7
vfMP52k1Dv4,8
vpnfhLVkpLQ,7
vAA_szh6cDg,7
vcTtK_FlGsU,6
vFozdNxwJZM,4
s6WkQrRC35c,5
sZzwK3n_KEI,8
s28_I0Hu_Sg,5
sh7znEb3TQg,7
sPloNY4dmnc,7
sxssAArYRGA,5
sVZ5oiYKc5g,7
sg00wSP-iVQ,7
szIb95UJ2YY,6
s14hal4OKJg,7
s_alotsHliA,6
sli3C0KTDh8,8
sVKjoQMZCfU,6
strGSJ96ams,6
spFbZHM9pjY,5
si-WIvjw1e8,7
sxISrm03SHk,7
sS6l2zUu3B8,8
sNmdm1s4SyM,7
s0DvP63D0B0,5
sOVuYWs9RP4,5
swQI_FNyS6M,2
sR8LEe8pjMs,6
sviePujguak,7
su4ZsUDJWcQ,9
slBC3h48xgQ,8
scJ9fS5S7bo,7
sYLTNvie3sA,4
sOBY0PcjusQ,7
sxqtYnLxU0E,5
sFZgERqFK4g,8
sL0YnMbzmow,8
sEVQ4ZFxZxM,8
sVjHl5LdLco,7
s15wXPP1UNw,8
sj-0ya-ePq0,7
sOt6TERBG-g,5
s_uW6a9xwmo,7
sJbkuz8zMyo,7
sjZJoRTOKr0,9
sD93lPFOY6s,8
sKTSgxz-aKg,4
s7a8WB6lvHI,7
pZzjXiRUDHw,6
pzorv3VkwZE,5
pES7sdxFZnY,6
p5PwUsqFfuE,9
p5cXB3JA9Eg,6
pTZXb28CM_U,6
p0Mf2bOioec,5
paeXfCrBNqs,6
pbpDut3adjE,7
p_dtw1AgXZE,5
pLGKl1e5_WM,6
pNlMZ7FIz8o,6
pAmg0NYX0GI,5
pf0hDdf2QJc,6
pI4uPs5dLRs,4
p_Db3vDJuWU,8
p-e2aix24dc,6
pDfAUTPkgWo,8
pOI3xkXoId0,8
pFCy16vPT7c,6
pnbyue-Jh9k,7
pwDvi7BFJGw,2
pRL_6Lf9Xrg,5
pzsUK9Iq4DU,5
pdndmLXJT9w,CLASSIC
p6T46TrMB80,7
p1TcklAM0r4,8
pd8EVQgm_DQ,5
plxG23-nifs,5
pX1HD3Rpyak,CLASSIC
pLjeA3MdYHA,6
pkcnbD9DT6o,8
provbgYpk5o,8
p87hdtcAc7c,OTHER
pDX3N-Dm9yA,7
paETFHcjTUg,6
pccO0anCKZY,5
p0-ZLyefddQ,8
pB85HT19h4w,8
p3mUwEc4yow,7
dePHKrFDZvE,7
ddkcwXO8Wk4,5
djD3ed7JwiY,5
ddy8WPKFDb4,9
dLV5i15nz4Q,5
dFDF8bMJ-NA,8
dZNbP2WerLA,4
d8kP_uGxNfc,8
dge1w2xQ-8A,5
dTf9UyRFMI8,7
dccOsytXSJk,5
drEvNUbqbPs,6
dCdMYNbK8Vs,CLASSIC
deKmw1zDkGc,4
d5o1V3lxGH0,7
dSDbbWaXI9U,6
dbP8F2bnfIc,7
drLldJfKOGs,6
dpO20mTsOpQ,5
dfzAuvtWVYk,6
dLSyfSJ00VQ,5
dXla6EZApEI,5
du-Szi7pGRE,8
d1kwJtkFtwA,2
dvcM8-25H38,7
d3MJLRnWAxQ,6
datrlt_DGLs,8
dXDCTqOPNqs,6
dJ2hPTt1Rkc,OTHER
dnkjfA3anDk,8
dqZywmtj3yc,5
d9sGdZvF_R8,7
dOLtyjU0oVg,8
dYPX3Y0XriU,6
dnYa0GqNk8M,8
dFa1CV4IzhM,4
dYLX9FtIzN8,6
dHOHrx-p9sc,8
diDkeBYKvK4,8
rUrhOERq7mE,7
r98hKTgtKiU,7
rTb8Kcs89mk,7
rzj_j93PWdw,7
raY3t5Ukt4k,8
rmE2I04VFX0,7
r3K4-d_XQaw,7
rEpEO02CdwY,6
ruD60TlP5ng,5
r_WKzCe2Tc0,7
rTiya-mIJUU,7
roeyTQmPbWw,8
rwZLiOQbEPM,6
rNaT3KazKoE,6
rcz78ic8CGw,3
r0kBjptl8_0,2
rJLVNSw3hDU,7
r5JLOjog1E0,4
rwAHEPfpiOI,8
ruUkn7A1nQs,4
r3XRB7afE84,5
rTrT9V6MJeQ,8
rW4C65jSLIo,5
rw4YjdWaswE,4
rgIESOp7WCM,7
r9gIGBuF6ao,CLASSIC
ru9qiOXq4ec,8
rWUT9uCl9Es,7
rBfnUffVx-8,7
rTaUAz5xrD4,10
rz7KzrrAbzo,4
reMxrzKTyNU,7
rJ-GxWyqnu0,8
rajg9r684ik,6
r4Wtbsz3EkU,8
rXgxJk5dBS8,6
r3OLn4vaBzw,5
rzolEHmXNBE,8
r7-5Ct4eQho,6
NImDLA14kHs,8
NGUVt3g2J7I,8
NOnVXp-n-pQ,8
NzuJI3DSdcY,7
NouYDsQHC3Q,7
NcK1A9uPMQ8,8
NPl4pTbjxwY,3
NFap7zUpzOg,6
N0VWqq5BPlc,6
NczoVKmb1xs,8
NgAuIMECDXY,5
N4N5E0yp2EA,8
NJ7htMtCxcI,7
NvbzLQbLShE,8
NHnS2gDJEPY,8
NKtqB-SFIaw,8
NoOWjMKLzoI,4
N1_k2ikvXkc,8
NjbWyn-h-Oc,9
NUv6sK-7POE,7
N_j3OPCpRvA,4
NN1P-fPxZ7U,6
NOvcBmZCRJ8,6
Numr-bT7e6w,3
NkEYtSa44z4,7
N65_VUOVT6o,8
NMsEzAg_E7o,9
N5Q1qj8qNpc,3
N7LyYAx3bpU,6
NJgHNeFVQqg,6
Nm1tOpo5Pwo,8
NTqEw597UZI,9
NXwhaTEW9Vc,7
Nwx17Pi3hnk,NOTGOOD
NBPPffw84r4,6
Nm2K9usYpfY,9
NLVxe2Evtkk,6
Nev2-f2cfjo,8
NRYIEL8sSdE,8
NvFPmfdppYg,5
NTyqliFaMbk,9
NfGPMT6RNJU,8
NKisf0dAyjM,6
2eRDcCJFhX0,2
2JVBUPfxD44,5
2cx5XI8cjiA,5
2zmWqxEUYiE,5
2WiS99Qukxc,9
24EwvWeTdH4,7
2lR7MWjLGDU,6
2LVs5Ki7bjE,5
2w4wi19KBEE,OTHER
2XdD_BJ5D18,6
2RokOnZwjWc,6
2HU9fnoqGtY,7
26axVHigRdY,3
2akyCFh6DOg,5
2ADxX13pFhU,OTHER
2dbrndTCzng,7
2emd19ePvVw,6
28ikdznA3lc,6
2cOnW7CRGWw,5
2IWjwiuBG4A,9
2x3B4W2FVkI,7
2fa2GpSFAJ4,7
2aX-AqRgjIo,6
2XID34-aILk,OTHER
2c5KCsYiYoY,7
2QSAf3CP7Mo,8
2KoLHtolHkQ,5
2Ad2VVgVBnc,6
2WnDjpoMxjE,6
2P6KBsONYWo,6
2xKdxJYSns4,8
DXl_9cCuaAU,6
D4sv3XN9-Ag,4
DNzZfBfBjoU,8
D43x5NtfTdA,10
DbKWD0CYuX0,7
DsI6j_egLdo,CLASSIC
Dmom8_-isQA,7
DhTY9G4KdtE,NOTGOOD
DV_N7cKbOPM,5
DSjCcInCqOk,7
DMzJ6KkJz_g,5
D3ZoR4mwdnw,8
Djrg-_jfGis,7
D5vrzzxGxwc,5
D-fk0AjWYiM,8
DO5pcLp8-HM,10
DPeE28Fb_L8,8
DxDiyg9IMKU,7
DmjuddymqGM,6
D5GI7_pGOJ0,6
DVcxvDjmL3E,8
D12g4LXpXsI,7
D9SbjbFwaek,7
DBrDkDkZEuw,6
DYjFU8zATdc,8
D95K29ZTxpo,6
DN7WJIVXX-M,5
Dhk8GHeyrkQ,8
DY_SrcWzRak,6
DYEbtRPKnmw,8
DTsUahG-6us,8
DtTUPKKeU8c,6
DpXe5kbKVtM,7
DiFm53BrlOE,6
D-R_7gVb6lY,7
DmTgW_sjTG0,7
DjVrJ1kSmRA,CLASSIC
DPHYLnhPRqw,6
DjLOULyrVZs,5
DNPw2EvySX0,3
DokfQZFDxek,9
Db-XqhdOaE8,4
DHaaMg8Owl0,7
DyJKBHILnx8,7
DuMUDldrG3g,6
87H2nRX0Ya8,8
8M42PpvvHSY,7
8wSYxjEIAr8,7
8bHjPSqqv-4,9
8M_Z-HV9dgA,CLASSIC
8Mxjjefgprw,7
8B4tHaw6Hb4,6
8_MdFmLSbaY,7
8quP0JNiFSg,3
8NQyDKbGVOg,10
8qqWsWdvjIw,7
8cyqJakd27c,7
8yVjQqOESzI,4
8h3hJJbdJQA,6
8PqLOyHA7BI,8
8grYlwFrN9o,7
8nOe4cyttnQ,3
87YplHEgJ2c,4
8rJxsKJm6KQ,5
8L9s6emx0Rc,6
8V0L9Sv18TE,8
82-PFGvojgU,8
8TY2SJEq3SI,6
1fvl1Yigl9A,6
1qGj_m4V3Ms,6
1WC988EhgZM,8
1G57MNa37Nc,7
1ntJS8q74k4,6
1JzDzuX4i7E,7
1J2Fi3fiN7s,8
14Py6kcxKKQ,2
14sLvv_ykmE,2
1X9VpeohkLY,7
1-YccbQ9EVk,5
1bkP7n6RhSk,8
190SH2l-ulk,6
1ZTRms95AKs,7
1hy6OiHZWrQ,8
1Qy-Gs9hMq0,7
1RuC_S06xwY,7
19ecDCf3iLY,8
18NbdIPrMLo,3
1_TJwc1nFyo,7
1WP-MMO45NY,8
1nYHyZgD5zM,8
1J3s6wbc-S4,9
1GyJexedwEU,8
1caj1joTPM4,6
1Cwqhd2me2U,8
1C33F3MAGuU,4
1_d3YFEGeCQ,8
1WnqvDivfDg,7
1h5eCTXfBGg,5
1wcik0kXxng,7
1EWVlDIRUR4,6
1GRf65B6-Qw,7
1clWfouQyjg,5
1uhI4H6dAG4,8
1vBkD8S8kNU,7
16QuI9jkn7w,8
1PYyjFW5opc,9
1aJXrwCX20U,3
9pVPVR_oYuM,6
9NYrsLKHDvg,5
96slWZRmBWU,3
9MwGVZ9vIbI,5
9UMVPr-4WiM,3
9VpiXVgQ5gk,5
9_qPevj08xM,7
97v_pftI5yM,4
9D3xjKDBsyI,5
9j3Y7LYl3H8,5
9ZQyNDad3c0,7
9rkFbKVownA,10
94U3CZxIsyA,8
93UpSHztaq0,7
9wxdMu-73hw,7
9fewwAkSrCw,8
9aInNmFYxRM,6
9EIhfqzJEnk,8
9EXEarrz5Bs,3
9_49mZZwlBM,7
9kION3co4ns,6
9fIpMIsf_o0,7
9W7aWYbjd6c,5
9J9VqG7mBxE,4
9Bm2mwJVvsg,5
98AjeD_2AFc,7
9QmHTioUUaE,5
95i8EtUH7q8,6
9Dn926lHlKE,6
95Y5IyPsMpc,3
9pXNow58ECU,5
93EA4JIEgWI,4
9F0z05m0oM0,5
9Ibaafl2_-I,5
9NliOip-0tY,7
9mhJ74tBV0E,7
9UPA4YgRVhU,5
nuxmYZM4wOA,4
nPP1YYoNNAo,6
nzO5rysgAQs,7
nsO2-Pwoa5s,5
nKdHpRBMsG8,7
nWcEHLFmKdE,7
nga4paDJ6c0,5
n5Pehmoo-SE,5
nLdt3x9SGsg,4
nqcrG0QCzwE,7
nO89Wos0Hv0,9
nQ9h3KOYNhY,6
nakdorPK09o,7
n6wpOWd92kc,6
nL5cIxUHwG8,6
nA-_v2cJges,9
nubYmxtTlVk,8
n8yFCmjXZeE,NOTGOOD
nwJ88RCBcfE,7
niiR7Lsq-1o,8
nwy-MpYk9Z4,7
nQe_rTrxGyA,8
ndeO80edrZA,2
ncrpTX6jR5w,8
nzqQJIk4TYo,7
nu23M18PwPE,5
n6xdDoeRlI4,7
nk-QWzy6ihQ,5
n8_qk3FrFjM,7
nPtocY4kuLw,6
nyrKpKxqGX8,5
nDZqxWjRLCU,8
nWwxvvb9uqY,4
nVu04X08uDI,7
nyHhmEHt5qo,5
nzBorXsYJlc,8
nhndrX8cktI,7
nuRLRQl0tZ8,8
nmZuDtqod70,5
nJqkgqRwqAw,8
n-g7m_ROyds,8
nmjp97NtrRI,7
nYcnhe_y21g,3
n-TIQo_vCX4,3
nFM1sCBx9do,8
nyy8_TisAlE,8
bljZyA60Qmc,3
bAI7-v1LOrI,6
b6_aekrjI_k,7
bhBkb4ayfVY,8
bbS0PRslyJs,4
bRPT-bxzQxw,7
bm5pY9D8kK8,5
b9tESaZ6hFc,6
bv_MI60ZMUQ,7
bQ04LrK4epI,3
bNSgWqhyTfc,6
blVUxudkFYM,8
bfsooZS6v50,4
bEj3GUmhci4,7
bRXD2P6UV7M,7
bkgPYiJvFqg,5
bfeusyA-J5k,9
bRDENHaT2lI,7
bPLvfWRBi70,6
bus8_zwTQD8,5
bC57B3zsv3k,7
bdiGlNbz_Qc,8
bxkMo9ECakI,5
bHZ10YR3npo,5
bwmawu1TD9M,5
bLmPfVNEbYM,8
biBQRH35bWA,3
bU5ddYgaXxs,NOTGOOD
bZtoB_Jf5CY,7
btaQdzwfvDM,7
bS3S9siJqdc,6
b3wTyu80eVM,6
bSF5oUGtqqs,7
bvq9_gEwE9A,7
yEd2D-ukjZs,7
yuKEu22_lcM,5
yWuOJ4Uusys,6
ynE0NztYvoc,5
yBGd3VCdqII,7
yD2k3gOj9U4,3
yxpMwGDITfU,7
ySP4iNetZqU,9
yAksbBrYYsk,4
yuMJBV-efV8,7
yjUB20WlJnw,8
ynCFF7DWHmI,9
ylHizJmmJM4,5
y39aOgNMgik,5
yTYsVjeoe-Q,8
yTOaO2T2lPA,7
yKyWZeiRe8c,9
yC62_qaVX8E,7
ynbx6v23iyQ,5
ySXryTlo9Ac,7
ywdF8ixPCQ8,7
yRQ1QZs7Q0w,8
yS27JEUJXXc,8
yetM0u9wqck,8
yGrlhEmZZVc,7
y-BGmO5CeHc,8
ymkvtN3aVkk,8
ynJ2Fhx9E5Q,8
yrmgkbBSTKE,9
yfLG6UBCSEU,7
yE60qIXvHYg,6
yTWc9cdON44,5
yxPYzOB8rew,6
y8JUeP3ODic,5
yO9XxNq2njQ,OTHER
yP6b02-qSlA,6
yvjxdtcLVfI,6
yREeV_Efnw8,6
yxTPfKspFl8,8
yfdRolzdLVE,7
ymZpSOlOUSs,6
yWHHr0EFWWw,7
h_k1muvplJU,5
h7nbd-Cg-CY,6
htvR_dBs3eg,4
hYHaK_6IOAk,7
hh1y2FbdHvA,8
hbTZCS0zxIA,5
hE0DlvHdwuA,OTHER
hN5hDEvNMGU,5
hWxnq5EYbZU,8
hFP3nE2MB0E,6
hyJN7A4B8F0,6
h4d-M5jbx8Q,4
hItRO3zBdcw,8
hVjTEGUsl_w,7
h2XMQrZ6Ywk,6
h_vuv0Oq6jQ,8
h_jZvILNGzo,7
hUNsDB_FMsY,7
hdLOjt50fbY,5
h3L42McXVnE,8
hfHWgzkRtUs,CLASSIC
hehR6VpW-lk,7
hDYjI2WpMe8,8
hWJ40emz1ew,7
hwEA9vhpQDA,4
hxfr_YEbfYg,3
hDBXZOCsZKI,6
h0bWqgIelDk,8
hBKOobrNh9Y,7
hgryNZz-34Q,4
huLP9XM5bok,6
hNmz05kGJgo,8
h1KpujmB5Q4,7
h_7zG3XQTSo,8
hm7jy9HNl3w,6
hJvihpuvPbg,CLASSIC
h64DvnMaCnU,5
h9r1kIjo2aA,5
hCy3_Fosq2g,7
-f4DyUGCg0w,8
-jI1ofec02A,CLASSIC
-deQEteXUK4,7
-E3BVFqsD2s,7
-F1V2oPhlso,6
-qsmQxWkiAs,7
-WCSorcTE4I,8
-7a9rH2_5Aw,7
-bOIen0lY4s,8
-2Neevd-Low,7
-Ig5-BSXy_8,6
-yAzXtjPqR8,7
-v5hKxV70-0,7
-jvtyvMWE88,4
-0rkRvKZAcM,5
-pbadnjeRhY,CLASSIC
-1xtW1YAfUo,5
-K0wHtAc1t8,5
-YlaJuowR1w,6
-qXUyXqL8wk,6
-9vTnqL7W4s,8
-l_acNr2uMo,8
-s-U06o04KA,4
-uzLOwBzevU,7
-5qQvKlPYjo,7
-mQ5Rj2pyKM,6
-hnhEGWxbOY,8
-J85naYNmck,8
-oZIQdDQfro,7
-n60eP_iDvw,2
-nG5Q3kMgq8,6
-R0ZrESv178,8
-PdB0GnBrtU,6
--YnsRamkzc,7
-DkT8NwxAQA,6
-9H3gaVgbUs,3
-NI4-QvHv9M,8
-2BfsmZSyD8,6
-L2Xv5-EmUo,8
lQkaU6wMgaM,5
l8jKCfUx-Oc,7
lQpHaXqGlCg,OTHER
lqax_kwYL3A,7
l9Ma-NuFejc,6
lZp0ZTzHCuQ,5
leVsj_X8yF8,OTHER
lpA54RhgWEA,7
lQ3OTq63SDY,7
lNat70LnRuk,7
lCIveUzyIyI,6
ljtIQkFRL1g,4
lu92NvB-xcA,4
lfXh-qAoZNg,1
lwznjIwdyCw,8
le1lEwOXQq0,OTHER
lE0FteCqWmw,NOTGOOD
lgnyb1PGcWk,6
lvnSmbU4nWY,8
l-CR-77ElnU,4
lMMpw5VCywc,5
lI6-C7dwz9k,7
l5ZD6BYKrGY,6
l3XdmBBO9k4,6
l2QY6v-naAs,8
l7ovkjrJFMI,10
lVj-lS3bfUc,5
llsGRWq4K8M,8
lEVXXtQUiXU,6
OB31JSo1MPU,6
OElyc_yZU54,4
OmUdajuMIns,8
O5VtHXdfZPM,8
OKYedko0w8Y,4
OJkmhEfwrnk,7
OLWOPLSto9s,7
O0hpcqwBUKU,6
OZEDRusC7Cw,5
O-6hnRcicVc,7
OWDogwWqb_A,6
OOlTZk_I14E,6
O5WQNBn9q8g,6
Od7fLNhEecM,8
OmCh25XgF9A,6
Oblv8bB5ZLQ,5
OlCJ_BlisoY,6
OzQmLfChVe4,5
ORRDA5YFhcc,8
Oi-8UNm9d7U,7
OEbf8YhTWEo,NOTGOOD
OJF5NhmcWc8,OTHER
ORMZmOHPpWQ,6
One2rMI8chY,7
OAbaZQPj97o,7
Od3bBCq5mkY,6
OqPz7zvPn_I,8
Oycn5qvjymU,5
OMGDFW6TXIM,3
O-U2u1zZEeo,7
OxTYIlBoE6Y,7
OwxUIz-Thwc,3
OtC4THSrbQ8,NOTGOOD
OeHlFSiTAPk,5
O-Q6A-xxPlY,8
O9valpIpGaU,5
OxeoGczp0Qg,7
ONikj9CXwrQ,OTHER
O3GBsa1-dKs,7
OUzEUsNepC4,3
Om8Nh5Zw5jc,5
OBcYr05W8Cs,8
O6HlyfasxKE,5
OfNsxzM4yRM,6
Z9xDiR7v_XA,4
Z3Yirj5sooU,OTHER
ZcpAk1pu7MM,4
ZJcfSk9f3YE,5
ZxB8txjcYzM,8
Zr4YJIqx31c,7
ZuiTDmMu01c,4
ZWjmQ-6OcSI,6
ZwKvfRTE6Pc,7
ZAKIxgzgNJ8,8
Za6s9zOntCE,5
ZWh7Ns1iS8w,6
ZHndE4sxrh4,6
ZTIJvNmsQgo,9
Z--fCH6D_xQ,CLASSIC
ZLd80ase-GE,6
Z7wMOFelXjY,6
ZyzFR9bCT_E,6
Zfwb4JxJU7M,7
Z9qBtOaCRzc,6
Z5ODIutKoNs,7
ZKU98ZjIwOU,6
ZjByhSZLZEs,5
ZPP5MlOs2g4,7
ZgT57CPrmFI,6
ZyuHpnylj38,8
ZzqZViemU9Q,6
ZFQzmNCJh6I,7
ZPPDUHY6QIs,7
ZruuCzKf70k,5
ZF_5WgwihL4,7
ZNzEdcOMSiI,CLASSIC
ZGmQ9_ceFoY,8
Zel8mYBDrZg,6
f7xmVw419fs,6
f8oMW4yqh_o,3
f61jC1yPe4g,5
fdryZIr7Cp4,8
fLFHoY01a_w,7
fAgo_BNUB_g,9
frlWC9ptkX8,8
ftt175Djodk,3
f54M6_5201I,8
f7crV1BXXVg,8
f8Cl5FgMsKY,6
fMWT7_SsowU,6
fawZ5QbzcdE,3
fWxQJiyLK1k,6
fSfLoZ-L2gQ,7
f1vo4v11Qck,6
fu0ADsiXem8,6
fU1YnAn4lWY,7
fPZwOG2RcFU,6
f9GlJ-YkqJ4,4
fopTU6h2tjU,7
fpATa8UJPh8,9
fIJvY0sOP7E,5
f0R4T8xaS04,7
f6df3Yo-aSE,8
fFWKlgG1MGw,7
fkMqnhFER0k,5
fkZLt-L68l4,7
ft2cMWKc_u8,4
fSB9Wy0-Ps4,8
fyGK13tSjsc,5
fUYvPM4dYBo,7
fW60RaP67qU,8
fZnUu_QMTN4,4
f6zWp5Ix5mk,OTHER
fxDjKGGCYRc,7
fsTud32GJrg,6
fkZ_8Zvy9Y0,2
f-b5PravLXk,7
fCL9gKzQrz4,5
fpnn6UuKUZU,4
fg_z_80Frfw,9
fqYJDueP_8g,6
f0D9IyyeEEU,4
fGIJCX1Yitc,5
fNVNPtj1IsM,4
fAEAaIqEuVI,7
fn6CgvrVAmw,5
fexnCtc5_BI,CLASSIC
fS-cFt887Po,6
KLSF6OExWec,6
KK8243vkLQ8,6
K2uBdDrUIqU,7
KOLkwwzrn7w,6
Kr_akDq7CMY,7
KdbAYLHLUZ8,7
KoTfcR2QKGs,3
KQodSAGa9Y8,8
Kh2_xvw3LUA,7
K-o3nS4o1Eg,4
K9x6-CzjbsA,8
KmiwDR2W2T8,8
KCuamde9Atc,8
KUe83JU7qRI,7
K-VeGR63e78,6
KD-UKHZaycQ,8
KdoJNfTm-Hc,7
K-J6VwasuOg,5
KonQ_39B0uU,8
KGLwTJ47stQ,4
KCSpWqfn6Qk,8
KK29Ry8Zx2I,9
KXUyCz1rYM0,6
KMc_N5ziha0,8
KhdvNC7z8FE,7
K8OJ5BC-7Xg,8
K27cGZKlxJo,7
KmLvOn-f5Oo,6
KDtKSvMWROA,5
K7xhuqw4DgE,4
KJUXbD0MlHU,4
KbSMVxEPb-8,8
KfSSnCZCIqk,6
K7nxzVgxlhY,7
KVD4K6dQ5ss,6
KtTU7nPAp5Q,6
K0OKHJ3K8qs,6
K5AU0BHLPh0,7
Ki_jLJWcCYI,7
KFGo3SWOlKo,7
Kkm-LnhiwGQ,2
zhYKXT3l69Y,7
z_4PLzU3RiE,7
zvvISXU7YaQ,5
zS4mavnAaiQ,5
zJ5A5CdlnTo,8
zfnPiWbGacg,6
zFg1j6oSiBo,6
zlmRdQanHlc,7
z5BqausZu0E,8
z1v-F1WgI9w,OTHER
zWDo8gGwRfk,9
zvh62IPMCuo,5
zglUexTARC0,6
zU5ryLeZKMw,CLASSIC
zjJprluULvI,6
z6y4M7HVRXg,5
zI6H-QWAZog,5
zSoh4uADfus,7
zCr5tYVgqbo,8
zebg8WhUU3Y,6
zfDFz8OmgzE,7
ztTCkWZ1qko,7
zIIuA6__2RQ,5
zYx3RYer3V8,6
zPMU0w-XaPw,6
ziYDeoP0ai8,7
znNz2yNBfUo,7
zgixzZYYM8Q,7
zHTFhBvSNaI,6
z1ahI9rAFgU,9
zN-S-2NIYLU,8
zZsgsn_fUao,3
zEHPgX9w9R4,7
z_dFxCKsLvg,6
zxL1xbQa20k,6
zWJVs2acHZg,6
zxbcZUAP1nc,6
z605Rm7lFTM,8
zxs4h0ABJMI,3
zcn-Kp_OWfI,4
ztqWF4z9kAw,9
zVlcqnrWUT8,5
z3XPpH2T6yQ,OTHER
zyVECdLF2pc,4
zzmpVAXSd9Y,7
zX1r4cczTT0,7
zNbdh-JzTDY,5
0vFTfoOavRM,8
0pq71XoRcgw,6
0zMQS8YxYNA,7
0a4UlkvlJgs,6
0Q6NiItmGqo,3
0ZA29cQNoQc,5
0RX4a0htqGE,5
0Z9n4DNNsy8,8
05JqiVVSJSk,5
07CQapiPPT0,8
04flJC_4pv8,8
00wiwO6nzRk,6
0bCcHtQerqE,7
0lapNx5xza8,7
0_2WZbMsIeI,6
0je8it7hG3g,5
0DryZn9n6po,7
0k_hTuQiU8E,5
0Q97XO4PboI,2
0dVNV1Q5jjU,8
0YPMV6iTy-U,5
0YXDSg3PmzY,8
0fRWxAV3Eik,4
05AewlnZfE4,7
0XxT334Qbuc,9
0Kb4w7dGSN0,7
0fgfTrHZGlY,3
0BFLDVGvTrQ,8
0fgpP3u_sUs,3
0evHtpLFM9k,6
02FAk9TYCas,7
0-kjcZRAxcs,7
0NfVnIqy8-I,7
0o18WjNo6tA,CLASSIC
0dc-pNv6gwA,8
GYaVI3fLFz0,7
Ghbw0DOaNHY,6
Gjx2OBFrUAE,2
GUerNUwHLS0,6
GMddfZCiiQ4,5
GasAQC2TVcA,8
GiStPHGw0lo,8
Gcxdgfr9gpw,4
GHkJpVTe568,5
GX0CdRiz9xY,6
Gc0Jpf_25a4,8
G6koCbQeg94,8
GlToEXQO2yc,OTHER
G_OUV7T21eY,4
GTuTUfMe64Q,8
GBp40M6WMxA,9
GHz3Sw-jSFw,5
GqV5df08bTs,8
GkeHYp7MASY,6
GOiKwhasaNA,6
GyvWvIlG3Vo,6
G-jE0gcdL9w,8
G7s5snuMMJA,8
GloclhybVlQ,7
GlAsfhqp7E8,6
GINcxJ20efI,6
GFazQdsIxDw,5
GXcTZuZbiOE,5
G_sH1C5MjzQ,8
GMKfsj1fg5g,8
Gko3qhyrBAw,6
GI6S--qXc2M,5
GU-O3J-KWsE,6
GN5tigKpQ9M,7
GO_hwQqCDZo,7
G6em044hErc,8
GW67m43fgO4,8
G-Rnu8q8fSI,6
GpyoyfxLmCU,7
GhWy8s2oc3E,6
GmzkeqZ3AW8,8
GLyTw0trKM0,7
GyXofB1k24A,9
GqT7NVvRDBQ,6
GlSqTuuvfdg,6
gmM4mXdYuho,7
guuWxHnQZf4,OTHER
gx6YSnW3tUc,6
gmGaEVWYiJo,6
gg0jnJwce3w,6
gdXGEworpCI,7
gZ_FvwAqYSw,8
guCMYIlKSac,5
gRsUzx4N8VI,2
gq_duUotnbw,6
gZDyjNRDu_c,6
gedRaMs5I90,6
gmKru-Is0SA,4
gqmSyACe8do,9
gHJrGGBcP0E,8
gKPkQv_aLzY,7
gWUdEgaTdo8,4
gJltJ5WeGvA,4
g6S0XHGKzUU,10
g01hbKaIfg4,7
gPdD04_9A9A,6
gtyH07BM4TA,7
gyQWxeaqJ3M,8
gHCD_yZlqBA,4
gyXM70Ll5T4,4
FPsrNDt81aM,7
FnA5YRQwvRk,3
FPeMy9v0_oI,7
FCkXh5P-5lc,5
FGILPXMZHXw,8
FihAfj0FALk,4
FUvNMHqhBC4,8
F0FDvjCOCTQ,7
FGaO0divFf0,6
Fcw5GlQwoXE,6
Fex6mMwSN3c,7
FjMD4H96TN4,7
FhuRfJsjs-A,7
FxdeOb1U2HA,5
FRHf92JDVSQ,8
FgYUNnepnzE,5
FnfNcqX5AAA,6
F-QbDEI8ggI,4
Fm8qgVeig3g,4
F2HofRWJrc4,8
FMhrhf5kENY,8
FJwmTnjDkrI,1
Fc-5SKkY1_U,6
FMfw5VuQgNI,9
FExNHGFlRX4,OTHER
FZnXhfwF8rg,5
FauXaf-aX-M,5
FK0W-k8K2ew,6
F-Fd5YG2pWs,5
_TCbKdhYsXM,8
_Fh9EiKr9iU,7
_O0UrJG9J0A,4
_Fdv0XkbgSE,8
_KpreG204MI,3
_NHyY22Nx4U,7
_OkqJVoI3fo,5
_exc0-Ah5sU,3
_ccX1kbdU4U,7
_C0gp-HN7NY,8
_wutLZaSZU0,7
_7Rfp95Jcw8,7
_6w4v3U2RfY,7
_PM2RMx7zTY,8
_7eIJDRGBb0,6
_2RPGAA6p4E,7
_-DrFVGXHyA,6
__MzJoGgYLk,5
_gGv4ZYuTeA,8
_g2wiO5w0dc,8
_bk9VFReGyw,4
_ygkBblLHTE,5
_id0tOI2Z2Q,OTHER
_JtSBVS1GkA,4
_v2rjiXHvzQ,NOTGOOD
_OccjaZSDHI,4
_qziLUViJtU,7
_LEQYT-ffsM,6
_EbckCohk7s,8
_MGNJbLc1wI,5
_Ca1LFIih3k,6
_PXWBSJGAag,7
_TZBdHjgMxI,8
_55TxraLHuc,CLASSIC
_ASR7i5RPKM,7
mM40Rp0m5AA,6
mxMQEy8sQJI,6
mK54P7VeM1g,10
mlRsRQQ_zsw,7
mbF6V2ouS28,8
m1EiUEIdMr4,NOTGOOD
m94CWXpu6W8,6
mVtFxatTLgU,7
mAR0nohgf_k,6
mmMrsCBFflE,8
mJAD92rWdZI,3
mlLqB2lxii4,8
mk43w6R5vW4,3
m8PBrunDIfI,4
mU5d-KfXDNg,8
mdGnwTmXmCs,7
mM3eEJeQih8,6
md484TdkZ5c,6
mnZbtlbBPT8,5
mgDP2G2USzQ,5
mU0Gw0_u1ok,7
mHicFE6i0nE,6
mFeDwNwEK7k,6
mkUxFB6jbDc,8
mm7grFGcfIU,6
m80fpwG_GGA,5
mef_vPjiRU4,7
medwB35qz_A,7
mbmpyvyIj3A,8
mW7m4r2Ul2Q,9
mvesWVSlyw0,CLASSIC
m8rY_gfWOsI,8
mHUzdIKQ5x0,8
m89uoXuylag,NOTGOOD
mP7tl9-luZE,5
mMY3eoqp0kg,6
mzyin0buNks,3
mwX3u3tG9bQ,5
mKM5Z5n8Mi0,8
mlDLwLq3q-s,7
mCbOMM2ChT8,4
mnD2O7RsqcY,7
mciOgnITYyA,6
mmoxvwDfyCc,2
mFXDzNcsUcg,7
mYez03fRUBs,7
mubiVMY-EpM,7
qsyAV70z5K4,7
qMsnKVtohy0,9
qaD2eyTJoj0,6
qjKuzGK04GY,5
qnzAw1QuayE,7
ql4NIKTPJOQ,6
q6t5wV7xmVM,8
q1go3WwvCvY,7
qoxjzGypOAA,8
qyFbsYI8nCc,5
q6T1zppObmA,8
qjFfUuPY5Rw,5
q-kaDVK_FT0,7
qe-l_W8hFf4,7
qwhoHT727TA,3
qTmHuavOXNg,10
qVzscNOR2NQ,7
q9yUTGIXRxM,6
qv-cNmuNi64,9
qckTUjyzNPg,8
qbh0s7OCZOE,4
qjy2K0mTmb4,8
q492csLww8c,8
q0Flm7jwj0A,6
qS84qVZz27Q,5
qrYfTxRj_c8,4
qDAxDcjgn-8,4
qoSOmF_PWw4,7
qrq1QohxWwU,3
qwRR5uCTvas,5
qvTJQU4nyqU,8
qni6vhBYrBc,7
qrfnaR4adiI,6
quu1-xHf4EM,9
qXvyxrarDxw,8
qy-tfRCoGGc,7
qQrvfibimlk,2
qe7bYWZZuzA,4
qUFXgTdYBwk,2
qVG21PSiNKA,7
qE-RSAy3nZM,6
q467HO8EEFw,6
qP2hHvB4d_Y,7
qEQV9tWfnEU,7
quifKaDZuU0,8
qsE_cq6c1X8,NOTGOOD
VvaS80m7L70,7
V4RJ0eOZiXE,7
VhZH6xAzlY8,8
Vw-Hh4kg9q4,8
VkMov0H8QRA,5
Vcf46f6BC-c,6
VeJkVOFZfsk,5
VvCRyCMCJpE,6
VqkqKNjQKkA,5
VysUDwL62z4,6
VroOqGuEhbA,7
VezTFmabGWo,OTHER
V3TEU7FBXC4,8
VpLANug-ClI,7
VFBMewMCCxQ,6
V2ZTJ8oD4TQ,8
VUUxtEQLAiQ,9
V6cbfRfO67s,7
VzHT35kxLuQ,7
VfeDoYdR2po,6
VaiMDDi8NJc,8
VyzhfhARDr0,NOTGOOD
VuWOK6_7GZU,5
VJylCsmlXUk,7
VUND2yZH6UQ,5
Vnc2tB4Jlmo,4
VWjFquNG1IY,8
VEm5LU1YfeA,7
VDScLq5WdkE,4
VCGwCQDMEi8,6
VvKeBjz1NYI,6
VStEfKTZd18,8
VZ2VfOOAyow,7
Vz2YokGxlT4,8
VbXaF5EmTFk,8
VqPV3WIfrhU,6
VDUg_ZwswSg,5
ViAn7COdDqo,6
Vns-81egipQ,5
Vng4RQPCZYA,5
VhsLsnnCaMU,4
Vcjy0dr42gc,3
VXlghM-qUq0,7
VXaKHorhNIQ,7
Vsb5OhJILf8,8
VRclyW74J_k,5
VBtBgCyA8BE,7
V2T25eBfJng,5
VBFkzgB-9zQ,5
Hbi2rTyz42U,5
H12C70upjLU,5
HwWQveEGCNA,7
HLMuUZhHZqE,5
HcE__4Fv5Hk,6
HJ4X8Zuovrs,6
Hlx4ONMtRFY,8
HZ-Ki-NgyLU,CLASSIC
Htt3TnkMwPY,7
HxmQFplBmSI,4
HAaEjb9l180,8
HMTBo9huzi0,8
HtbAw6jnOAk,5
HCF5ZNTsce4,5
Hs3Bfg_5t8Q,5
HF9GqC65Wjo,8
HgUsQKCw7Wo,8
HaKthjg4zYQ,5
HpH6uSqXhxk,8
HRZcBNjlPQI,8
HtZpjuo2BBo,7
HUwhPvQYuW8,6
Hll4l4aAyhY,5
HZswTkpdlfs,7
HMIUSLOR350,7
H2fc-AaU0Sw,9
HJr7UTqO2Q0,5
HJS6uAN23rM,5
HQx-nFyc0So,6
HdRbrgxxBuU,3
HOK54fBv90E,8
39G4QwnUOzw,7
3Ckbk-P7JxM,6
3mw44LC6w08,7
3-IGABC6rlU,8
3EhF9CZmPHs,6
3d1rxJTIJX8,CLASSIC
3RJ46MSQS1k,5
3w838rc2NNM,3
3vl5QXJolYU,9
3CrD91zHkLg,8
3DEtgItwWt0,7
34oyVszwnJk,7
3mE4p3Ctlek,8
3rSfhouI9oQ,7
3lVffzD-UKA,5
3lTOkT7BaD4,6
3UetWwNf9ms,NOTGOOD
313T1dQJ8fk,6
3ghLdT_YaF0,5
3Hbhb5CGEB0,9
3SA8qhEpSTg,6
3OzfNaYcoVo,5
3niVOWuSVF4,8
3e_yNhZMXMU,7
3ahSsfnXHyk,6
31191e2d0kE,4
3MnBA__QrfY,7
3qjNDxkAv4w,8
36W_fuo6k4s,5
7rw9WkF4lPY,7
7TABeq5TLGY,8
7jZ7aMkv59U,7
7ZXiqlTUHUY,5
7kJNJCzFeFM,5
7hpw4H18k3M,8
7VLIVkZyCgY,7
73Kl42LqEqM,8
75rHMYjYs-c,5
7_JvIj6Goq4,4
7pJ3EFwY1Pw,CLASSIC
7jxJ-R8w5ro,5
7v0mYN2k16g,3
7bJL72EL-4U,7
7mDFyxgWRcg,7
7VEeJ02y0H4,7
7Q8tNSIQKBM,5
7Hq8WgQ-6Gs,7
7rB4Qc-MRks,8
71iEgW0ABhY,3
7UkObDLYo1Y,9
7A3P3bGcC8c,4
7UbRxK4qMRs,6
7Z65GoMcY04,5
7_OZ4Bsyipk,7
7Aqu9Mo42XQ,8
7KQyTYscOpk,8
7VTfz-V5JeA,8
7GhNlAroN20,7
7KYnTi0PeoA,7
7ndtSyn6dVg,8
7CDFaYbl7L0,7
7HGvtP1so68,6
7p4aLyHdp04,2
7gIjHFZsoxk,5
7aA6NOJtjew,7
7X6qA1k3W7Q,8
7jKEYrJTVQI,7
7BByISrInfI,5
Y7cCytQCaAM,6
YHwE4pMld1c,6
YeHgbYZm6H0,7
Yv4z3I-Auww,6
Y65MsRxYYAs,5
YHg5pYYEjRs,3
YFTUk2n9QCU,7
YMyzLX4-Lv4,6
Yw86LVY5Ayo,3
YFKNa0z_XzU,8
YNR8gi8WxmY,8
YxqQ9e8MYgE,5
YvcQAEJ6AvU,5
YqLDx2PnOYM,6
Yc6e--9NCOs,8
YFQvT0-mefs,3
YAmxuIITQeA,6
Y_ypI1026i4,7
YTJ2dzQhSrM,4
Yx9J4diol8s,5
YUJdtb1j1jM,4
YGIKZALy2Gw,OTHER
YzjLq2AoWv8,9
YBDMukNKBKg,7
YGN8GB_mnQU,7
Y_5jlhMZwEM,8
Y7seq3mi-hY,6
YH36huOO0HE,5
Y8_RPvxcJ80,7
YABApZSuUIA,4
YbU_oJiqWM8,3
YQL2E353bPw,5
W4A0ViBBnrk,7
WAX0VFfGQDo,6
WcuNF95EUls,8
WY1cW0FZxm0,6
W45ddJvxOUY,8
W3v3SPfkTzE,7
WLDhNDAOw8k,8
WG7xw2UiKwc,6
W2xOmf1sPXE,NOTGOOD
W3SopqFy2eg,9
WlKQsXvfcds,7
Wj_P3CQUXZE,7
WX1qWv05ILU,5
WnoLpkdUDng,7
WOCe4jXeDcY,5
Wp20Qxx2lOc,7
WhC9kcctI8s,4
WIX13DiXBe8,7
W9cOKfKW1Us,7
WgSPTczwVbQ,5
Wjc0FV3AAgM,7
WS1mVfnfLK8,2
WciHRKHwBuA,8
WRH2Cn3ktY8,7
WMAcwJ5lUzE,8
WyLYH0s9rHM,6
Wo4tybjxZa8,8
WedevnI57u0,4
WxY7yOmZs4w,7
W_wb5Tk9fRs,6
W86MneOdcW0,7
W31Mox0Ez1U,5
WfkRmx6EAPY,7
WR8zJeHPIXI,6
WFgMAhpGEXw,5
Wc1nLKO2daI,8
W9ysTOF7S8Q,8
WIyRRLBsukw,8
W1APvyVVm-4,8
WVuO8d3fgOc,7
BfetFfARwv4,7
BxUup9eAILs,5
B184impG_HQ,6
BkehXdTfF38,8
BrYKiJM8Cx8,6
B5OHCV2rVX4,7
BDnYIjhaSzc,6
Blz9I0q2Hq8,5
Be70pP6C4ow,8
BFCQItmLjww,3
BNBfo24nEE8,5
BaIc7rttYEc,5
BrAgo1Qh4uk,4
BD7fSbQ01bs,8
BEDSulIgCQc,8
BFWxkPF6n0o,8
B6qB-S2bwj4,4
B6Pyfe5yrtc,8
B8b-IAwaudA,7
BwC-hYrfKV4,OTHER
BtV3qoHqVkI,6
B42U6Puyx7U,6
BVAuofrPpfU,7
BimjGMQbUXQ,4
BwkYStaZc_M,4
BN8x5zo3iNs,7
B7oeiUvMqXA,8
BqH_kA0BN98,8
Bf6ivvOanxI,6
BjLa2rN4AzA,5
BrT6sEYrXew,8
BDEDC-KNewI,7
BSKuO06eluM,6
Bn_CTDEucco,7
BbtNEZizabs,7
LNB3Cy4djB4,6
L9fWqfDby9U,8
LKQqAr4D9Qg,7
Ls07Jjbo_O0,7
L-ZQEUZxtZM,8
LwDNWYvFpYs,2
LxU-y-udwlA,6
LxVfshdEKt4,8
L6lVCBNEzEA,8
LriAU0of3u4,8
LXdabIrzrDs,4
LIMy-Bp353E,7
LHShxTVDv7E,6
LkUQX0Gqo6Q,7
LjNtySatBm4,CLASSIC
Lu7PAAopMyY,8
LSX82ylZhJ0,5
L8IsRJlOFzU,6
LvI4plyRcrs,5
LK5U4DeBO_o,8
LpX2hzik6Rw,3
LEuxWZ_0zwc,6
LNlYvkNNX04,8
LUKTMDyfoRU,4
L8adbT0u1rA,3
Lml7J8uSfIo,4
LFsPY8NhCSw,5
Lyf7TP5pdYQ,7
LqBsfpdHXX0,3
Lfw6vPZAUtc,7
LG9gDRVM6QQ,8
LO9MLBfOb9c,4
L_xu6Koreqs,7
LDMNhCOs0G0,6
LiMbXbv2nI4,7
LFUkzI_suGY,OTHER
Ln4zXfzJX3I,8
LmFqBFeGADM,6
LbhRrs9mQcw,7
Lk6weXL6nbI,5
L1ClMFpPGro,NOTGOOD
LPoDXPVw2xA,7
LCixPRPXCb8,8
LBnUyWddjsM,7
LAEe4bj6cLA,7
LP-Vdm27vS4,8
aspbCJ68zqY,6
aEPCT7qnE04,7
aVCMiepR6wA,7
axr3eLz-URQ,7
aUClt-ivlH0,7
afa0WF6Ln44,6
asIkx9NJs7o,3
a1olq-lfc-I,7
aVZ9A4Ehw_g,5
a2l3o6Rzyzg,5
aHhY1flRwVM,4
adyBTyBBOTM,8
a58B7bUVD_M,5
alFbsK3P12Q,5
aSoVb3Wkjak,8
aHVTlcNdIFc,3
aV2JKSsoux8,6
adbXzyNy2lk,OTHER
aPS63VGQ8Bk,4
avhktqd82tg,8
aXHFPuiFjzA,7
a1eL0IQk5VI,5
aXou_Y-8fcQ,6
avfDv8uY3Ys,7
afMOGoaN47o,3
avUPRabkegM,7
apXInrB6Bh8,CLASSIC
a6tuB0ksw18,7
aqANxjB58wA,8
aZc8DokL7PI,5
a9TwaFehPHo,8
aqiM-PY4MpI,7
auy8wEk7Fww,7
axVo2kNjKXc,OTHER
akZkPoJwEek,6
aAK0fVxfOUU,4
aAKCV2xq4ak,7
a1PdNaCJ_M8,6
akI3DOvH2OA,6
aVDeTMPuyDM,8
aOcOsJjgj6M,6
aSUpgoYKZv0,7
a1HzLIKAQ4A,8
arcOA1XQZMU,8
aRSdeuF9qiE,6
aEJu27tjvcI,7
aGZqWwuLdjA,7
aNEPvtcuFj0,8
aDn2lSqXhe4,8
aNVJtxegMJo,5
6HLTXL-s4J8,8
6j-L50IZEZg,7
6KelOf9JfaY,8
6p3xVcQZuCY,8
6GcG0qDqWhY,8
6ZYy4gP1J3s,5
6Igq-xjJ31A,6
615xR8TVbn4,8
6ygh9uA_blQ,5
6IBcwokLzbI,6
6lqoxQzTOgc,7
6RymqLslg7s,6
60d5MYBMAns,7
6LFIvvx23_o,7
6k5bkCY0ims,7
6dGoe-1csKY,8
6mqaOPpyIsc,7
6Eiy1V32zws,9
6GDPN4Hs_44,8
63hrqTPY-KM,6
6qadB8VyBRo,6
6AVztTAVlxc,5
6kWWLOampOM,8
6qC-ZLOK-8Y,8
68yux0jIEn4,6
6VJulC5QLhY,3
6aq9epwmMKo,CLASSIC
6XOgZ2qp9us,6
67l6E8PVoFI,4
6dLOzNKfslQ,6
6xc2uTO9v_Y,5
6fW1KL8qmzs,8
6HodlyNwmoU,8
6RCLxGb4BPE,6
6urd4Zke2os,8
6WVTW2qTqrI,0
6YjqJdoHUZM,9
65E7N6xPZ7I,7
6Z8yUX3JE-c,OTHER
TyGMJtRPF78,5
TSrMYyc9Hr0,5
TR7xn0tJ-7E,7
T_Xo9WU4vVM,7
TSgrGqOIXGw,8
TUPDn9rrY1o,6
T2KxQVMzLUM,7
TlLz3R4O1EI,8
TXWQ_pl76Y0,8
TdwoYwB_0hk,7
TvPFu80ZVz0,6
TBgmf37MGtg,5
T2Dodo3pAtc,7
TcJeD5RqoJM,OTHER
Trb2KK-Ui7c,6
T2i-R2Bru2s,7
TJEvrZHcEMY,8
T0TQ5e75qx8,5
TOtTxtBWZ5k,5
TIVqhJuE1sY,CLASSIC
TJNRymZmcfY,8
TxBRICiy0KU,7
TJbUkULlkMk,5
TUP1_EmhwI4,5
TyynHvJiG_4,7
T8awRqOAZMc,7
TYE930nQfig,7
TtqyDOj5Js4,8
TcMeRrIJe1M,6
TKeH0PM48EI,7
4ZFpIxySk6w,7
4EvKa3-baDI,4
4X8MvSNS1j4,7
4uDvhwzNcP8,5
46jHFBgvZJ4,4
4lsuigFrAjY,6
4C2TRjy9oVQ,8
4-Ds7dKjIRE,5
4dsfcdje6rA,CLASSIC
4EXtbijQOgY,8
4GngIvsARm8,5
4EUEhF8BQOc,4
4WUd8aqZ6UY,7
4J4GjCE_KPw,OTHER
4kggrlYjGo8,9
4Sqd7rXJqEw,7
4fbSlv4whH4,6
4tMn-cTP_wQ,5
4ZZREmYnygU,9
4EzQRbeLeXk,7
4i2PpkVGQNQ,9
4_U0dGWBHyY,4
4uNlwM0ZfY8,5
4DyJIw58zFo,5
4pRxNcHyxKQ,7
4pmTuXGyCPE,8
42RML92tDyQ,4
4DsiwriEgBE,8
4yp-id2UnS4,4
4Way39aUJ4g,8
4NzqALD8oCk,6
4x0g-Evv_PQ,6
4fVUAWDmvUw,6
Q3W2rJhXMEc,7
QZkHxln2jQw,4
Q94LHgvb7vs,7
QSMwuVqBQeA,5
QCLxY1FHMh0,6
Q7UfcEtU8AM,8
QTR2Gxt4Hmc,5
QGS7Med4jsA,5
Q7PJ9zTAqQQ,4
QOwE58DvVQ8,9
QVtTjuLERT4,6
QvnsZyoxXjY,8
QaMpiKZh1fc,CLASSIC
QIRlgm2zkec,5
Q2nYEWeAR-s,6
QBgqntNfsTo,6
QsOyGQljH_M,8
QurcyHLpCEQ,8
QNRGDeXpnvU,4
QxqCaR0jFQU,7
QqwXu96_ZNc,6
Q5rDfedBC3c,5
QUGTCKrC-qc,6
QE5vDJx6Hgg,7
Qx5QFLmR-WE,NOTGOOD
QT3w-swBFd4,5
Qqw9bnffDsY,7
QDGMikSzoHE,5
QPH3sIULI30,6
Q5d9O8CPh7w,6
Q8Jp4U2BBnI,8
jNBYi07Q7GQ,8
jd8olhovn6w,8
jV4EmFzc47A,7
jtPlfmhPnNg,8
jtT_ilEovl0,4
jjORabLD8Y0,7
jV_IjRE6QTM,8
j7BRmTNLRTc,8
jGfK-R4rKxY,8
jzqvz1mnjB8,5
jEZ5gdmUa4w,3
jR3hyPi0Dbc,7
jVCFinUjUrU,4
j48qLgyg7PE,8
jM2eCUscL1g,5
jUYWMOOUY08,6
jESJJrA5a98,5
jO5gV6w8epQ,7
jxSVnQed0OY,6
jvLOz_mzZ9k,NOTGOOD
jto3k6kzbz0,6
j8AtABx7z-k,6
j1JbIzOtBj4,7
jZUq4bsM2VY,8
jG_1LDtuSJY,5
j2VypHw0AD4,6
jV-Ziiole98,7
jBXlxCnGXks,OTHER
jbM_AZxCTBc,6
jbODBiZb808,6
jVQJa_aVypc,7
j2ngzOddzew,6
j7-mXvXB4uc,6
jodE2aQpwNw,4
jeFLQSy2uFQ,7
jQfCJVAwFL8,8
jbxpNHEWfao,6
jv9F5ZHUH6k,6
jHUsBoVOxzE,4
j_LB2pqybaM,6
jR4A97iLRxg,6
jKw0RVvH94A,5
IX5QmxD9kVE,8
IFyq9sXtSRc,6
IGVvYilN48I,8
Iju3kpyFTFU,OTHER
IhxPVSz5IFY,7
InGF9p4p-ZA,5
IfnHn2hWWzA,6
I0G9Uw0QVYM,5
IvKLOel4jhg,8
IJnUpM5wrIQ,6
Ijny2633SIE,7
IgSqLCEW58E,CLASSIC
ImsHI_Z6T2I,8
I_UJ-3yakDg,7
IAHgAEpNF5I,4
IothoUVKPas,5
IRtA97V0Gas,5
IUd5YFoXCl8,6
IZxa8FaUYOw,5
IV0FxPl098Y,5
I8ZvRBl6zfA,1
IgRrcpwwzE4,6
I3tRZOln8KY,8
I6wrqIndfJM,5
IfasBW89k1Q,4
IHXn82SEoLY,8
IQjPWxS59rA,9
II-Dj_gtRL4,7
I4YvFQPplxQ,7
Iy4We7f42DY,6
ICvyW5xGZgs,7
IT2XYrIJHSA,4
I9YcGpehDnk,7
IoZPgTi2oE8,5
Ib0KEfPQQ7I,5
IIH01362IH8,5
I_UR-FF5h2I,8
IhzS6Du5-nI,7
IcU_E2quVBQ,7
ITVA5ALfEiE,5
I-L_MDmJxU0,4
IqaUt85GOH4,6
I4H_vmSQEGs,6
IIwrQVPYaLk,5
CsApbdvkE5k,6
CDLs0XZiE8A,7
C-R3xTRHw9M,6
CkA1sSU9MJA,5
CV1Ybh8v21k,6
Cu4vSPiwoQw,8
CvqtFg4CDLc,5
CUNeMprEkDA,6
CZXJizIr3xE,2
CajnKHFPAdk,5
CklabgHYnGA,4
CxT49-YpUNc,6
C3MiVqatUl0,4
Cqf5i2t2Hkw,5
CDzYqHFilZU,7
CB-HKdkM7hg,8
CRdHP88An2s,5
CPnXRgwPNPE,6
CSLAZM54ZcQ,4
CRPhFCPbrpQ,3
CHdCy31Ihro,5
Ca1tyVTGf3w,6
Cw0jTXZBwDY,6
Czumt_lyu10,8
CHhdSJLmdu8,6
COMIHVbDRcs,8
CJDcbwpsjU0,OTHER
CYldmrlhCZA,7
CH0ix7D-vr0,5
CPVjp0i3WPQ,6
CrnkL-ewcck,5
CYKt8BRwoDc,5
CWqSCn0SG10,8
CafRD-uvYXs,7
CS4HP_-HEdI,7
CYCHwDRCm2I,8
Cy67iqBfdws,3
Cy_FBsloKIk,8
CfthjMEdEm8,7
CTgwX9ZbsCs,7
ChDzL7bpI3M,7
C0C-ZtZapNM,7
CCJZO4I2SS8,7
C6ptrREuJGA,3
CTTmj5V5h_M,3
CvPp5zP6ybA,8
AoLy1rgowWg,6
A38GRCfbJkw,2
ArYDzjzA0GQ,3
ANqN835Gmro,9
A4YA1ugNEaM,5
A6dKpFq0IxU,9
A96ENM-zcnE,8
AZegHBU-ffQ,8
AMzn7ZGCqgY,6
A46QN81TRQc,7
Aq-kK9XNebo,8
AYfYvYdlxmc,7
Aa2NmA9LlsY,5
AKBopAbun5g,8
AnqPrqA23lg,8
AQzJxUAq7Is,7
Adbj6nehBP8,7
AL5dCMlhtRg,7
AyzpDXRVbwA,7
A9RLE74OXUY,OTHER
AzbBTaF45cg,7
ANmdYZdKiWY,5
AxvUaBMM8Xg,7
ApMeFBLy3v0,5
ABAea7gFO5I,8
AuEKWOh8_HE,8
A5jD5agdfww,7
AZD9mJ_yGIQ,9
Agg3HH0x_eA,7
Ar0B5Qcpqgc,5
ASYMfU7wpiI,8
A38cOUWdK9k,7
AOhs5HQdYkU,4
AhHAO9_Oxgo,8
AMKnqlZzRcM,4
AhVPv5q9Ik8,7
A1z6FLD8yCo,6
Aj7zSILtOYg,6
ANJ3E5-p8Eo,7
A8ObXvF_vhg,4
A3yllffO0dc,NOTGOOD
AaTq83KFeKo,5
AaEQeb1pOuE,7
5iHufSOWdqg,8
54kz9zv_080,5
5_ygpHqUm54,8
53LfL3gPGSc,7
5E205mcp6g8,6
5BQYIgXtxUM,7
5xIQCY__HQ0,4
5tkJ1fjgmSI,8
5_Oi7Kr46A8,7
5zf-_mQYwu8,7
5YF9p9ywoF8,6
5yl6jZ0Ac0o,5
5QhXTgpazuI,6
5pfUULxVoSU,9
5uvj_3nd5kY,9
5c9VDBG5Epw,4
5n5X5kQmnBw,7
5dX5az_Sn2w,7
5mifHOOfcE8,7
5YILMnITBN8,4
58of4qFifBM,8
5chNEtG0ETI,4
57r3E3XRNRk,8
5gDORqcKe2c,4
5WPD-GvKG3w,8
5WlUMxDtLqY,7
5wzAij917v4,8
5WlRFlH5oRI,8
5mBj9dN-8Po,6
5IPI4P2IRmA,6
5NptvA4PyEI,8
5vXVnzY_zn4,NOTGOOD
5x77EWbpJnc,4
5H69rSUADF0,5
508UImyIFu0,7
5O52mY0F9LQ,6
5PSH6cV4N-I,8
5aJQIfMufns,6
5RUl-fZU2LQ,8
5QPBbc5PmAQ,7
x7lQBFEURZY,8
xmGcoPn08jg,4
xedn_lbTJzo,8
xNS2lFLHedE,OTHER
xTnE5MpqHvI,6
x8VimAqOqZc,3
xZnmheQqgUs,8
xlpqeREimKg,1
xkI9StSO9AM,8
x4of2hBNPpo,8
xBKlf53peNY,6
xiS0XwgBmmA,7
x217SO9VPwE,7
xBxvMXOjHM4,4
x28E4mYBdwI,4
x6Lis-8oaCU,7
xj1t_9eQ71g,5
x9e_8zRuuO8,8
xF2BvFkMieA,7
x0GzWxPJQUs,8
xCwJfkGdaFo,8
xt8IbWk9eSQ,4
xjNG90UjuII,8
xS9kRoXURvg,8
xId8g9JmXMw,8
xg9JtJJ11nc,8
xBKHJshpMuE,6
xi9YRCX1miE,6
xjVzCXICeuA,4
X_uhiacU1k4,5
XRYppTnvr7g,7
XrNB3eSiTmg,8
X5BdcV0HV9Q,7
XuGxAHOUyIw,4
Xqg8mMorzYM,CLASSIC
XdiGRpg1Row,6
XwouQHOyOQA,7
XuPVjfETFO8,6
X0f_8M1jinE,5
XmxL81mXR2I,6
X-qtbMsHk3s,8
XtGC_QIIHnc,4
XjSjgPvaqgw,7
XGboPnsVrU0,7
XvPpOLp-8LM,6
XxbkE90hv38,8
XyB3yOo81cU,8
XVVtKcvQ5vM,7
X0ACL1CRIKs,7
X-VSXW3qthQ,5
X3qyysxKEkU,8
Xr6nQ4G6Ap4,6
X1nALCk5kMU,7
XiSU9xDyJc0,7
XV6nHQJMe7g,8
X7eK8bLJEMo,7
XtmTM3AIdLI,8
XBc-kA0Ean8,9
XfiJ9qQxsA0,7
XtvBFMOwqsU,4
Xa4YaYOdYAY,8
XQJ2o3Si9mU,4
X6d79bon-n8,7
XkUtee1lF3I,5
X5fhQd3JGuc,8
XQbBEdzZbaU,3
XGTBxV-RLwI,7
XmSktY7RhAE,4
XZ3LM0xjcPA,6
X63OVtokffA,7
Xl5r-2xMQb0,NOTGOOD
X2xEj8wiS88,5
X4UJL1V01xk,7
ugJucHACZr8,4
uSLzYLdocHY,7
u3qbwIl1l-Q,7
ue2o_EokaIw,6
uvHLmv_WdIA,5
uIooSLzxH-8,8
uNAm2pFDgBA,5
uOLb73_zgVg,7
uw9gtldMQfs,7
ug1VSZ0tsUI,OTHER
uOUtox0fxXw,NOTGOOD
u3ebepStQyc,7
uNTIp7Tlc6w,6
u1uuvuAe8Xg,7
uo6oJFhvW3s,7
uqpCalgg6Sk,CLASSIC
uWzNiXXypE0,8
u8_m_s9NhLk,8
ujPHUKQ4C7Q,5
u0q5KiNtTbE,6
u2tGz8rtZHQ,8
uqOiWhlOny4,6
utP8MIjgvvo,1
u2B3Dzu5pa0,8
uqY4vTcKTjg,6
uw4Ikdcjpgg,5
uNb39wzdP9U,7
u-wCVuxgRVE,5
uEINRdIFHK0,8
u_sQjEc8--c,7
ue5sLcwJpyU,8
u6lrbCViLTM,CLASSIC
u3BWyaejZX8,6
uQEaJknSSXI,6
uNgQD02sJYc,8
u37lG0BMFZk,9
uOqCnL0MEPw,8
u7IJtooEuL0,8
wgU7-FzF5Xw,2
wFKoYmiTws4,6
wzI3LfeUGRw,6
wqBQhv6OUMg,8
wumo4Urajx4,6
wuXJWdS9vNc,8
wpzMfharbwE,5
wG034hgGvis,6
w6bDXhZNHvY,9
wktzFuTHqls,8
wpOna_7hIzM,5
wz0CLtCyKfc,6
wxH8Q4b-0gg,7
wOAE-yuwc18,OTHER
wBgqAKxujkE,6
w8Bs5XGU1vg,6
wwikVZU7CfA,7
wuE3plpz5Ho,CLASSIC
wsu8XzmeOYg,3
w9iUTLxA2_0,6
wk0nPWE6wfY,7
wgqY757V0-Y,8
wPR7j3RQDYo,8
w0j7ptp2a6s,5
wkvfJbW31Pg,4
wvLrxrY8Y40,5
wrEf-GoWq54,6
w159jTHrzt4,3
w_6tcxol2J0,8
wXYj6ExDLaY,8
w33XqeTSNeg,7
w_jO52l-8ok,9
wTbjkUPpbhA,8
w7PFQHSOmLY,6
wA8kYFNE5IU,7
J_LvLhFq2IU,8
J_EXmjacmOc,OTHER
JknqyWg0Vrs,6
JvQDSJk2QNE,6
J8qVaBy42Xg,7
J_fZGm7NHbE,3
JKM79q5lKVM,8
JuXK6ggAtaI,7
Jr9jPD4nUBI,5
JI8WYhOdhtA,6
JX54Kz7DaZQ,7
JKqAHPICR60,8
JN5QgkI0RpM,7
JBKPJ5VUbr8,8
JLu1xs35rXM,5
Jx1MaLRuVPo,6
J17fzL6a-lw,5
J5RTivkcdnA,7
J6xkvLGQbAU,6
JoewSimddUg,7
JxVBmNpYtYM,8
JEWru_PBRoc,OTHER
J8CtI2Xcwqs,4
JFGKCtnjrDU,7
JQbidnJumDs,8
JSjc0XzeImg,5
JYlVdlL2rL4,NOTGOOD
Jo4S2qlQGs0,6
JEML7td1D3s,8
J3dF8yhnsu0,7
J6FSd14ATB4,8
JeIw4S0_mKU,7
J6CCJNs-Iso,8
J34qpusEXK4,4
JsQHABGsCUQ,5
JGeLYl3kkmg,8
JiMbWIN811g,4
JNyoitGE2cc,2
JIpJwefNiNo,6
Jo2mZw2vNSg,7
JKMyr5J9J-Q,8
Jhxy8MV9S70,5
JzXm3T1bF9E,9
JIOuOK7sUV8,5
J10Fov5VEP8,7
MSivWA97EdQ,6
MYpS04XovqU,4
MNnibsPJSDY,6
MGJyb8YuUvY,5
MEvzOm8XUgo,6
M1SvOEAhll8,6
MIvCSukQN9c,8
MBkph9YoG8w,7
MOAxsCaBaU4,8
MdGbp6dtNhY,7
MjP40h_BFfk,4
M7CGOFQBMGE,3
M082_esTTsc,6
M29NZ7rj7BA,OTHER
M0EU9vXGHgk,7
MzYQR6ePkiw,8
M4yjv2a4Pt4,OTHER
MzLUol6iVUA,8
Ml54onIX-LU,6
M6eB1cUUQds,6
Mjs52lzxkZo,5
MapvwWsSYco,7
MCAtnOD59Rw,8
Mpq6KIPi2NA,5
MyQ0O5jlyoo,7
MbLt2Qgl350,7
MYJHHxjlwOQ,7
MaD8AyoDcRc,6
MVPd7rfZlow,6
MO_DTx7DOTo,0
MQDRPhGU9_k,8
MWsI9V7KmEM,5
E7uoajRW7sM,OTHER
EFnXxL8sJ74,7
E6WtycT5NQ8,7
ELUAGpc43tg,7
EMTBCKD2Uy4,5
EXux7PJ4fMI,8
EpoCK7SOutg,6
E9V9AkezyRQ,7
EC9-QwUEaoc,6
E54_Y06Gyk0,OTHER
E4csHqVYJXo,7
ErQy1u8wT6g,8
EGFCKb5PfDA,2
EbkAfmNLmwM,8
EcFJbKJxjDA,8
EOJLDZMDS1A,7
EUVXJjKeHek,7
EJjG_aK0tIU,5
EHNTRu_ocH4,6
EnGPUH911nU,8
EerTWrLqowA,6
EZOQBqCPQHc,6
EbBnSnO_f0s,6
EMYmf-RZql0,6
EU1PzBC1LMY,6
EmAp9HUWu_0,4
EYiFXbhAwxg,8
Ec4Vw1ERk8o,6
E4iya-qkTzA,OTHER
EIF4XGDYLI8,4
E_rFDt6hVfc,6
EEY6WYtxZFQ,8
E93gYPKfC8U,8
EcGF0_3IarY,6
EEyuuVLuElc,8
EdX73QXbBmk,6
E4Qm0wH8p8M,7
ElxzDYTLs7k,7
Emyn3FF_V18,8
ETXH-YdlXUE,8
E3kvrf4mO4g,8
twoje8x5-R4,5
tHsdqsUxR3Q,8
tPU_qMbBPTY,4
tpyQzfYDh1Y,7
t9vCCWuoF0k,8
tjati_HVw5s,6
tZv3A6_wxrI,9
tIo6MOswfY8,8
tHcJpaXm0AQ,8
t70fklNoFBI,6
tva9Kl62-Ck,7
tKHC0X2EwAs,3
tqsAhkiDVW4,OTHER
tvavZJRfxH8,8
tTUBoFVi-HY,8
tN1PUSSybYA,5
tXGSh8nk2b4,6
tKXfLbBmYlo,6
tIWTYmVCs9c,8
tCGtdhEqO8A,7
tAXqMlMoyg8,8
t7-aROT2eqo,6
tmgAH3ytu0Y,6
toSuVK9nsAE,4
t8OB9Da7gsw,6
tMgNfu4-wgw,OTHER
tdGi7dP5zwg,4
t5OplI_vGFU,6
ty0id9qHcq8,8
tdcpjrCZMAc,5
t0tJhzj29Zc,8
tJqnPRuIdmQ,5
tLWPSqE0DC4,8
tfRfhunuCbI,6
tu41W2j52OY,8
tSkKa5OQWfM,6
t4RjOz8dKro,7
tTt7YDzH054,7
tCcwnP9IPs4,5
ti-uAwBKP90,5
SjFIvCue6oE,8
SFLvAe2k0Z0,8
SQl6PpyNZ14,8
SVy-uU84ApQ,8
SnGDdI4hkLE,6
SCJ57ntrIQQ,6
SerNPTbrF84,6
S8BpvVYuqgk,8
SRC5BGunQ7s,7
S8WH_9n6x9w,3
S9gg0JOTF2E,8
SDvIm8A9_-I,7
SdfSu2LKucs,9
S8HRhbucYiw,8
Su7lhOHdGEY,7
SXDRPJLqh8Y,2
Sv78vDGcoFU,8
SMUocQXGbqc,NOTGOOD
Sh1JemfxBkc,9
S0igfnHzYwM,9
S5JcFNvl3kE,8
Sx7w_3vZ3F4,6
S47nKJ8n0tk,8
SipouoqLyxM,7
S9Up_xgbZaQ,8
SCLwyNT25bU,OTHER
Sn9tZQPLxaE,9
SyWmV_oD2us,8
S35v1xtzdbk,8
SWiRwPkHU8o,5
ScTQqlZL3EQ,7
So6aG1iLdjg,7
S4HW7jmRXeE,8
S-elCjqboo0,6
SAnc49e-G08,8
ieXeM1YpqDg,8
iphA405OvIU,6
iNGIJ0GG77o,7
iUVOBq0MIi4,6
iJ5o99-MO7I,7
iEO6FWFByFY,8
iPquW4HcwV0,6
iG909JYouxY,3
i1UVfTixFKw,8
iAfxeKWphdg,8
iFE1bkuBotk,7
iqD6M8V0A5U,3
idIoNJQGrAg,6
ieu3Hp4LcSg,NOTGOOD
iRG4w5x2vV8,8
iu3A2oobvDI,6
icib8b4GYlI,6
iOec_uiEzJg,OTHER
i4BoYm405Zk,7
iUnCdrJFfy0,6
iSK2hb2z0us,5
iXiIx4DKKbs,7
iWiKSNULvPc,8
iKvC10hmVnU,8
i_i__q2RI7Q,6
ikquXWiyaj8,7
ivSIL5lVKcQ,7
ieHgriwZvJ4,6
iE5p3GCzoxI,7
ihEG6ut9bWU,8
i2uzq3A9YbU,5
iBvPmPp4Xbg,5
ibMp5-ItAFo,4
ijsQkQwNKzs,3
ivXWRxoLpfE,9
iwTOEASFyfk,8
i6Al4qaREwY,6
ifoZ_rbwR_U,7
ixElcxn6PlQ,8
iBHjkRZQbv8,9
RIf2tJqrGXI,7
RG8FKXlGdBU,7
RS6qsVXB7h8,6
RE9pUpdFmeE,6
Rok6VEyNoFU,6
RxnIWNbxY70,5
RuCv_Nt7Bkk,7
RzWl53ifcms,6
RjA1VNiEhPU,6
Rccn_Hobk6s,8
RG3E7xK6Oq4,9
RjriHA-MLPg,0
RjWLVFVlof0,6
RXEfX-diMwc,7
R6iiCICEefQ,8
R_wr9G1FoQI,7
RNOWaELu2TM,5
RUNnXRjmGoQ,6
R68JzG7Vb7w,7
RhDd_G4nGZ0,OTHER
RJDxHb5bsWc,7
RHEI2gRzfPU,5
RkumjdJ-Eew,8
RO4Gc_tF6Ck,6
RYWCHEJV_CI,8
RmWexPrl6Ys,6
Rv3qVx2fUCU,5
RIGINiBYxis,7
RqwXttWKaAU,7
RZyr_nc936Q,5
RlRvesjS9rE,7
RqovSxr8m5Y,6
RkU0mRFQ2AI,6
RZp07vLSak8,0
RQIuDXJTGbc,OTHER
RgzSqtBoP2Y,7
Rhxuyujfep8,5
k6ppxsRfZMA,3
kXkSqBW2wTs,8
kgM9K3Jc4bA,8
kAOw5dpeaus,8
kXv60xh04aA,7
kp-3jPaY7yU,8
kHn-r95Gsm0,7
kCqxe3bhBqQ,7
ktsk_xYWl7s,3
kkDCuMYeX8I,3
kupU1_uOmHw,6
kH4xS9EFZGE,6
k53xc1uVMXM,6
ktiEB7Svutg,4
kbmrV7CIa28,5
kVEV9zMcmd0,8
knKmh_wfOOQ,5
kVZXrqUYKyA,7
ku9BgerCj_k,7
kjSTPQQg194,6
kR3sN2WTOh8,5
k0vMdRfwFxY,9
k2Rhhj4QnIk,3
k5c3-No41Ww,5
kTqcOApCL8M,8
k1qQr-X_GLE,4
kJb6Lz5frq4,8
ktFcXYmy2Fc,8
kBBMds9cP6Y,7
khuhS6vAny4,7
k83AU5xksp0,5
k9X1u7H_JcU,8
kJmjvul_6sw,8
kfGzy69KKe4,5
kO_RRl27BFU,8
ka1Ko6n9FW0,5
kgTq2cC2kUM,6
kgOFgQLoPgg,5
kLFGEHpPi3w,6
kXicp53b6PA,4
khl_jrfz-ws,5
k-37V-1igRw,6
k7x2jymh2RY,8
knCe71tRofw,4
kxHrdmYZrxE,5
ous6t-Mu-3Q,7
o-8BK4XJmzg,3
o3aI489UkdI,7
orERYdw_JsU,8
osgjyexGTEo,6
oL-_u9IKQfc,5
oH2rxEXcBSA,5
oOhcHU0AoWs,8
oeisOVTBY8k,6
on1vkPNRFwg,8
owZQq8IU8oA,6
oZsH0U3tZbA,8
ohYgsVYQwFc,5
orxEQ343cVo,8
oX56GvWAGY8,8
oDf4V3nUOUg,7
o_dycSOZtm8,8
oerGu27kun8,6
ooUmHvnjmwg,4
otyLHbEfRDQ,8
oefX916-gYw,8
oIvhOSdJ7Bo,1
oKl3pPQ-IRc,CLASSIC
om3JC1JSdnI,8
oHIXPOHr6JI,6
o6bkUlYcLD8,8
oA_9nhU65Ts,2
odQcHCsW2YA,7
oCYzQoqadRI,6
oHamL-uvA-0,7
oN6a23b1MrI,5
oPQy0fn2Ypk,6
of5ydyTL3tQ,6
ollymEkLEyk,6
oQinyQ4_qws,6
oiNIJAQWUbY,8
oDEEOvaaBNE,6
oyr32v8ibE4,7
oeiWtWcROvo,7
oZCWposs7do,6
oJMpR_xlxIY,6
orJVZPz8XXU,7
oxiaceqXWbA,5
oIR6GZakxM8,7
o6Dc8yIZuM0,6
od6nfOOtyK4,6
osgQqOgJGtw,5
oc5cWsoV3ho,2
ojnqYC34JOQ,7
ew8Sfrvob2Y,8
eqmp86d17fM,7
e7p-ucdI5_I,7
eGYRq0ywrq8,7
eboBBDS-Klw,4
eImoMBuxLyk,5
eqEPZaPOaIg,3
edXP5f4CFT8,8
eq5naPgB3k8,3
eir7AorIVXg,8
eDEsSdR6vvo,6
eywqqCMl7TA,6
eQ3Wd60Qddw,8
eF0CZ1ldn0Q,3
exQ6iwxmsIo,7
e0FQqOXsh1E,9
el7NTXDuaCo,4
e-Q9e1DjO5U,CLASSIC
exmYWItj-YY,5
ev49SUoNyrQ,6
e4zQHNTEqEw,6
e2g9_YXxfY0,9
eSHJgHWLCeY,NOTGOOD
eR0cWuLWhzo,7
eEDfCQ0cF-8,4
e_c7Fh4dL0c,6
et2s-u3KFbc,5
eQpYsueOSPo,4
eLfbvBCavtM,5
e1iCnyireF8,5
euPwooYyB-I,6
e2rexvDHPZs,3
eq0DLGDR878,NOTGOOD
eXm3ODioS80,7
edCRJuyXjl0,7
PxeVDCXOoos,6
PC1_k2jhCTk,3
P8yjUYbfRb8,6
P7mLMSo17jc,1
P5chMXYVv1g,6
PiL_FfqyVfk,7
Pj6SHbpDnSc,7
PTNTqWto9yA,9
PBAuMgx3uwk,8
PqgUthlbpuE,6
PVvK_xMD8n0,8
Pc5Hutyj2AA,8
PD-2gGas94M,5
P_VJMHhM6v0,CLASSIC
Puf8WJjnS4I,8
Pkat6FdK-oU,8
PiuMwOAX72U,7
Pc40i-8kHlM,6
PyLi_BCFYsI,8
P0RZxerD8m4,2
PzKcgB0n5XE,8
P__GsC98jPw,8
Pq3J2noL6tY,3
PAkj5yAUFno,CLASSIC
POLivKAD5wg,7
PhCE3XxgHSQ,7
Pj9pEejYtFc,7
PHQ5pGHLOXY,5
PVvWk4Vko6Q,7
P32evYxRvTA,6
Pv0_ue4PWpk,5
PlXuagqoP5I,7
PaWQFOJ7D4o,6
P0C3V8Acjcw,7
PWsug6Lx-V8,5
PlNynmu_Cp0,6
Ppn7Km1v7pA,2
P-A-j2rlsvo,8
UfpcP9JIxqo,5
Ufd4o67Ze6w,8
U-xB_onteuA,7
Us2q-4BFSlA,9
UW4pAuwer3o,6
UT4gpKs2G8Y,8
UXJxwRuOGsY,7
UgwPxFUUg94,3
UoAAk3tRb-g,7
U_PyyvgFLLI,5
Und3xhfJUsU,6
U6Wxvlbu72c,6
UrCN1B8QtDw,OTHER
UAAxRBo4PsQ,OTHER
UlLR657vwic,6
U-MRU5VBrWY,5
Uu1_BYX8ars,7
UuvtAqrcSOo,5
UabYjGe6xSo,4
UtL5_lw0xtI,7
Uooqk3B0kC4,OTHER
U2oWxvgeboY,7
USKRwIsBG04,5
UHn-uNjJAoY,6
UWcxXnus0zY,3
UFvtS9JDllU,OTHER
Up6qz8TLGYE,9
U-f5nFg-8Sk,6
U8DL0wDfxAw,6
Uknh7QaW87Y,6
Uge_eyjwPYw,7
U78NIj16Ou0,6
Ue7WGgA_2_Q,8
UpoIMD7izUQ,5
Uka2_LVDiv8,8
UUGId_y9bAs,6
Ut8FzE96jjA,3
UO3iVVkcf9A,5
UJxveXgSgcI,4
U6Zbc8Q3Jgo,6
UkJfb2np5JA,8
UShpz0i0k8w,4
Uxmi5AcAFgg,6
UAOZoA_9pQE,CLASSIC
UABXnP_1i-s,8
Ui0JUOZBPls,OTHER
UHFFlrSZF-U,8
